id,Goods
1,柑橘类水果
1,人造黄油
1,即食汤
1,半成品面包
2,咖啡
2,热带水果
2,酸奶
3,全脂牛奶
4,奶油乳酪
4,肉泥
4,仁果类水果
4,酸奶
5,炼乳
5,长面包
5,其他蔬菜
5,全脂牛奶
6,腐蚀性清洁剂
6,黄油
6,白饭
6,全脂牛奶
6,酸奶
7,面包卷
8,瓶装啤酒
8,开胃酒
8,其他蔬菜
8,面包卷
8,超高温杀菌的牛奶
9,盆栽
10,谷物
10,全脂牛奶
11,瓶装水
11,巧克力
11,其他蔬菜
11,热带水果
11,白面包
12,瓶装水
12,黄油
12,柑橘类水果
12,凝乳
12,碗碟
12,面粉
12,热带水果
12,全脂牛奶
12,酸奶
13,牛肉
14,冷冻热狗肠
14,面包卷
14,苏打
15,鸡
15,热带水果
16,黄油
16,水果/蔬菜汁
16,报纸
16,糖
17,水果/蔬菜汁
18,包装水果/蔬菜
19,巧克力
20,特制门锁
21,其他蔬菜
22,酪
22,糕点
23,全脂牛奶
24,奶油乳酪
24,一般清洁剂
24,报纸
24,融化奶酪
24,热带水果
25,浴室清洁剂
25,糖果
25,面粉
25,冷冻甜点
25,其他蔬菜
25,面包卷
25,根茎类蔬菜
25,咸点心
25,甜食
25,热带水果
25,威化饼
26,瓶装水
26,罐装啤酒
27,酸奶
28,巧克力
28,面包卷
28,香肠
28,苏打
29,其他蔬菜
30,黑面包
30,罐装啤酒
30,水果/蔬菜汁
30,报纸
30,购物袋
30,苏打
31,一般饮料
31,瓶装水
31,特制门锁
31,酸奶
32,瓶装水
32,汉堡肉
32,卫生用品
32,餐巾
32,其他蔬菜
32,面包卷
32,香辛料
33,一般饮料
33,其他蔬菜
33,根茎类蔬菜
33,糖
33,全脂牛奶
34,腐蚀性清洁剂
34,甜味剂
34,莓果
34,其他蔬菜
34,猪肉
34,苏打
34,酸奶油
34,全脂牛奶
35,牛肉
35,一般清洁剂
35,葡萄
36,糕点
36,苏打
37,水果/蔬菜汁
38,罐装啤酒
39,甜点
39,其他蔬菜
39,根茎类蔬菜
39,全脂牛奶
40,柑橘类水果
40,报纸
40,面包干
41,罐装啤酒
41,面包卷
41,香肠
41,购物袋
41,苏打
41,特制门锁
42,黑面包
42,糖果
42,谷物
42,咖啡
42,本地蛋类
42,糕点
42,根茎类蔬菜
42,苏打
42,糖
42,热带水果
42,威化饼
42,全脂牛奶
42,酸奶
43,莓果
43,酸奶
44,罐装啤酒
45,瓶装水
45,酪
45,奶油乳酪
45,报纸
45,面包卷
45,苏打
45,水果奶油涂抹酱
45,酸奶
46,咖啡
47,瓶装水
47,糕点
48,面包卷
49,其他饮料
50,瓶装水
50,黄油
50,凝乳
50,硬奶酪
50,长面包
50,其他蔬菜
50,面包卷
50,根茎类蔬菜
50,超高温杀菌的牛奶
50,酸奶油
51,猫食
51,报纸
51,面包卷
51,香肠
52,罐装啤酒
53,葡萄
53,火腿
53,其他蔬菜
53,全脂牛奶
54,发酵粉
54,黑面包
54,凝乳
54,本地蛋类
54,水果/蔬菜汁
54,人造黄油
54,其他蔬菜
54,半成品面包
54,热带水果
54,火鸡
55,腌菜
55,融化奶酪
55,苏打
55,全脂牛奶
55,酸奶
56,凝乳
56,糕点
56,全脂牛奶
56,酸奶
57,黑面包
57,罐装啤酒
57,包装水果/蔬菜
58,瓶装水
58,口香糖
58,巧克力棉花糖
58,卫生用品
58,餐巾
58,油
58,面包卷
59,牛肉
59,猫食
59,火腿
59,冰淇淋
59,面包卷
59,酸奶油
60,糕点
60,面包卷
60,糖
61,罐头鱼
61,一般清洁剂
61,冷冻蔬菜
61,其他蔬菜
61,咸点心
61,季节性商品
61,全脂牛奶
62,糕点
62,香肠
63,牛肉
63,香肠
63,全脂牛奶
64,黑面包
64,冷冻热狗肠
64,面包卷
64,糖
64,热带水果
65,糕点
65,面包卷
65,苏打
66,全脂牛奶
67,咖啡
67,凝乳酪
68,报纸
68,粉红葡萄酒
69,凝乳
69,香肠
69,全脂牛奶
70,莓果
70,巧克力
70,冷冻土豆制品
70,腌菜
70,仁果类水果
70,面包卷
70,热带水果
70,全脂牛奶
71,粉红葡萄酒
72,黄油
72,蜡烛
72,花卉种子
72,人造黄油
72,特色巧克力
72,特色油脂
72,全脂牛奶
73,柑橘类水果
73,本地蛋类
73,冷冻热狗肠
73,报纸
73,油
73,起泡酒
73,特色巧克力
73,全脂牛奶
74,肉泥
74,苏打
74,全脂牛奶
75,冷冻土豆制品
76,其他蔬菜
76,面包卷
76,糖
76,全脂牛奶
77,酪
77,柑橘类水果
77,凝乳
77,糕点
77,全脂牛奶
78,瓶装啤酒
78,瓶装水
78,面粉
78,水果/蔬菜汁
78,盐
79,瓶装啤酒
79,瓶装水
79,苏打
79,糖
80,咖啡
80,冷冻餐饭
81,巧克力
82,浴室清洁剂
82,罐头蔬菜
82,本地蛋类
82,冷冻蔬菜
82,水果/蔬菜汁
82,人造黄油
82,油
82,面包卷
82,根茎类蔬菜
82,全脂牛奶
83,冷冻蔬菜
83,硬奶酪
83,洋葱
83,根茎类蔬菜
84,蜡烛
84,炼乳
84,冷冻蔬菜
84,香草
84,油
84,盐
84,白酒
85,瓶装水
86,白兰地
86,一般清洁剂
86,洋葱
86,面包卷
86,根茎类蔬菜
86,香肠
86,酸奶
87,咖啡
87,报纸
88,其他蔬菜
88,猪肉
88,酸奶油
89,莓果
89,酸奶
90,苏打
91,莓果
92,蜡烛
92,水果/蔬菜汁
92,咸点心
93,酪
93,柑橘类水果
93,奶油乳酪
93,酸奶
94,莓果
94,巧克力
94,柑橘类水果
94,咖啡
94,汉堡肉
94,洋葱
94,猪肉
94,白饭
94,酸奶油
95,一般清洁剂
96,葡萄
96,相片/膜
97,黑面包
97,罐装啤酒
97,水果/蔬菜汁
97,粉红葡萄酒
97,面包卷
97,香肠
97,购物袋
97,切片奶酪
97,威化饼
98,黄油
98,鸡
98,柑橘类水果
98,一般清洁剂
98,汉堡肉
98,油
98,其他蔬菜
98,意大利面
98,根茎类蔬菜
98,热带水果
99,黑面包
99,全脂牛奶
99,酸奶
100,柑橘类水果
100,热带水果
101,其他饮料
101,苏打
102,浴室清洁剂
102,葡萄
102,糕点
102,猪肉
102,面包卷
102,香肠
102,苏打
102,特制门锁
102,全脂牛奶
103,瓶装水
103,冷冻热狗肠
103,面包卷
104,瓶装啤酒
104,咖啡
104,水果/蔬菜汁
104,餐巾
104,相片/膜
104,香肠
104,购物袋
104,柔软剂
104,全脂牛奶
104,酸奶
105,苏打
106,水果/蔬菜汁
106,面包卷
107,牛肉
107,莓果
107,黑面包
107,柑橘类水果
107,一般清洁剂
107,根茎类蔬菜
108,糖果
108,保鲜膜/袋
108,面包卷
108,苏打
108,威化饼
108,酸奶油
108,全脂牛奶
109,融化奶酪
110,仁果类水果
110,热带水果
111,瓶装啤酒
111,口香糖
111,碗碟
111,冷冻热狗肠
111,油
111,其他蔬菜
111,腌菜
111,面包卷
111,根茎类蔬菜
111,香肠
112,瓶装水
112,包装水果/蔬菜
113,瓶装水
113,甜点
113,冷冻蔬菜
113,人造黄油
113,报纸
113,粉红葡萄酒
113,面包卷
113,全脂牛奶
114,莓果
114,酸奶油
115,莓果
115,柑橘类水果
115,融化奶酪
115,超高温杀菌的牛奶
116,热带水果
116,全脂牛奶
116,酸奶
117,瓶装啤酒
117,冷冻蔬菜
117,汉堡肉
117,面包卷
117,起泡酒
117,全脂牛奶
118,碗碟
118,本地蛋类
118,冷冻蔬菜
118,汉堡肉
118,其他蔬菜
118,苏打
118,全脂牛奶
119,奶油乳酪
119,苏打
119,全脂牛奶
120,咖啡
120,鱼
120,长面包
120,男性化妆品
120,人造黄油
120,其他蔬菜
120,糕点
120,购物袋
121,冷冻热狗肠
121,长面包
121,香肠
121,威化饼
122,罐装啤酒
122,甜点
122,包装水果/蔬菜
122,半成品面包
123,糕点
123,苏打
124,其他蔬菜
124,粉红葡萄酒
125,其他饮料
126,罐装水果
126,柑橘类水果
126,奶油乳酪
126,本地蛋类
126,冷冻热狗肠
126,水果/蔬菜汁
126,硬奶酪
126,卫生用品
126,其他饮料
126,仁果类水果
126,白饭
126,香肠
126,糖
126,热带水果
126,全脂牛奶
127,起泡酒
128,特制门锁
129,酪
129,面包卷
129,香肠
130,凝乳酪
131,甜点
131,冷冻热狗肠
132,一般饮料
132,黑面包
132,购物袋
132,全脂牛奶
132,酸奶
133,报纸
134,莓果
134,苏打
135,凝乳
135,面粉
135,开胃酒
136,咖啡
136,其他蔬菜
136,热带水果
137,苏打
138,即食食品
138,面包卷
139,罐装啤酒
140,罐装啤酒
141,冷冻热狗肠
141,人造黄油
141,面包卷
141,香肠
141,全脂牛奶
142,罐装啤酒
142,其他饮料
142,其他蔬菜
143,冷冻蔬菜
143,全脂牛奶
144,全脂牛奶
145,黄油
145,柑橘类水果
145,奶油乳酪
145,人造黄油
145,报纸
145,油
145,白面包
146,冷冻热狗肠
146,面包卷
147,发酵粉
147,冷冻热狗肠
147,冷冻蔬菜
147,火腿
147,其他蔬菜
147,仁果类水果
147,面包卷
147,软奶酪
147,糖
147,全脂牛奶
148,酪
148,一般清洁剂
148,蜜糖
148,苏打
148,酸奶
149,瓶装水
149,柑橘类水果
149,牙齿保健用品
149,汉堡肉
149,洋葱
149,面包卷
150,意大利面
150,爆米花
151,风味蛋糕
151,巧克力
151,肉泥
151,其他蔬菜
151,购物袋
151,全脂牛奶
152,蜡烛
152,柑橘类水果
152,甜点
152,碗碟
152,猪肉
152,香肠
152,白面包
153,面包卷
154,凝乳
154,甜点
154,葡萄
154,餐巾
154,其他蔬菜
154,酸奶
155,一般饮料
155,瓶装啤酒
155,冷冻蔬菜
155,水果/蔬菜汁
155,其他蔬菜
155,根茎类蔬菜
155,软奶酪
155,全脂牛奶
155,酸奶
156,咖啡
156,购物袋
157,爆米花
158,瓶装水
158,面包卷
158,苏打
158,糖
158,全脂牛奶
159,其他蔬菜
159,包装水果/蔬菜
159,小吃类食品
159,热带水果
159,全脂牛奶
160,牛肉
160,保鲜膜/袋
160,面粉
160,花土/肥料
160,香草
161,黄油
161,甜点
161,面包卷
161,全脂牛奶
162,口香糖
162,冷冻热狗肠
162,苏打
163,瓶装水
163,特色奶酪
163,热带水果
164,罐装啤酒
165,瓶装啤酒
165,成品
165,冷冻蔬菜
165,其他蔬菜
166,一般饮料
166,苏打
167,汉堡肉
167,根茎类蔬菜
167,全脂牛奶
168,长面包
168,糕点
168,全脂牛奶
169,成品
169,购物袋
169,白酒
170,其他蔬菜
171,瓶装啤酒
171,黑面包
171,水果/蔬菜汁
171,火腿
171,其他蔬菜
171,热带水果
171,白面包
171,全脂牛奶
172,其他蔬菜
173,酪
173,可可饮料
173,凝乳
173,爆米花
173,咸点心
174,瓶装啤酒
175,风味蛋糕
175,巧克力
175,凝乳
175,甜点
175,咸点心
175,购物袋
175,苏打
175,威化饼
176,谷物
176,奶油乳酪
176,狗粮
176,全脂牛奶
177,盐
177,全脂牛奶
178,甜点
178,冰淇淋
179,咖啡
179,香肠
179,软奶酪
180,瓶装水
180,碗碟
180,其他蔬菜
180,购物袋
180,威化饼
181,火腿
181,面包卷
181,全脂牛奶
182,冰淇淋
182,其他蔬菜
183,瓶装水
183,其他蔬菜
184,瓶装啤酒
184,普罗赛克葡萄酒
184,苏打
184,白酒
185,糖果
185,香草
186,瓶装啤酒
186,黄油
186,谷物
186,奶油乳酪
186,凝乳
186,本地蛋类
186,冷冻热狗肠
186,冷冻鱼
186,冷冻餐饭
186,水果/蔬菜汁
186,火腿
186,其他蔬菜
186,仁果类水果
186,根茎类蔬菜
186,切片奶酪
186,软奶酪
186,糖
186,热带水果
186,威化饼
186,酸奶油
186,白面包
186,全脂牛奶
186,酸奶
187,罐装啤酒
187,面包卷
188,风味蛋糕
188,奶油乳酪
188,凝乳
188,半成品面包
188,购物袋
188,特制门锁
188,面包干
189,冷冻热狗肠
189,人造黄油
189,购物袋
189,水果奶油涂抹酱
189,热带水果
189,全脂牛奶
190,其他蔬菜
191,狗粮
192,特制门锁
193,凝乳
193,一般清洁剂
193,开胃酒
193,盐
193,购物袋
194,冷冻热狗肠
194,面包卷
195,苏打
196,牛肉
196,莓果
196,黑面包
196,甜点
196,根茎类蔬菜
196,水果奶油涂抹酱
196,全脂牛奶
197,罐装啤酒
198,牛肉
198,香草
198,仁果类水果
198,猪肉
198,香辛料
199,柑橘类水果
199,冷冻热狗肠
199,人造黄油
199,糖
199,超高温杀菌的牛奶
200,瓶装啤酒
200,开胃酒
200,香肠
201,罐装啤酒
202,特色巧克力
203,凝乳
203,面包卷
204,罐装啤酒
205,瓶装水
205,报纸
205,全脂牛奶
206,口香糖
206,面包卷
207,碗碟
207,其他蔬菜
207,猪肉
207,根茎类蔬菜
207,全脂牛奶
208,柑橘类水果
208,糕点
209,盆栽
210,糕点
210,面包卷
210,苏打
211,瓶装水
211,黄油
211,卫生用品
211,卸妆液
211,苏打
211,酸奶
212,咖啡
212,炼乳
212,购物袋
212,糖
213,其他蔬菜
213,香肠
213,购物袋
213,苏打
213,酸奶
214,一般饮料
214,苏打
214,超高温杀菌的牛奶
214,全脂牛奶
215,牛肉
215,人造黄油
215,猪肉
215,面包卷
215,香肠
215,全脂牛奶
216,一般饮料
217,一般饮料
217,特制门锁
218,瓶装水
218,水果/蔬菜汁
219,报纸
220,清洁工具
220,女性卫生用品
221,报纸
221,香肠
221,购物袋
221,苏打
222,报纸
223,牛肉
223,一般饮料
223,酪
223,柑橘类水果
223,炊具
223,厨房清洁剂
223,硬奶酪
223,其他蔬菜
223,面包卷
223,香肠
223,酸奶油
223,全脂牛奶
224,其他饮料
224,报纸
225,白酒
226,罐装啤酒
226,面包卷
226,香肠
226,购物袋
226,切片奶酪
226,苏打
227,瓶装啤酒
227,风味蛋糕
227,凝乳
227,一般肉类
228,发酵粉
228,保鲜膜/袋
228,冷冻热狗肠
228,一般肉类
228,油
228,洋葱
228,茶
228,热带水果
229,罐装啤酒
229,冰淇淋
229,面包卷
230,罐装啤酒
231,莓果
231,瓶装水
231,其他蔬菜
231,根茎类蔬菜
231,购物袋
231,热带水果
232,一般饮料
232,瓶装水
232,黑面包
232,酪
232,柑橘类水果
232,奶油乳酪
232,凝乳
232,甜点
232,一般肉类
232,其他蔬菜
232,面包卷
232,茶
233,瓶装水
233,芥末
233,全脂牛奶
234,牛肉
234,一般饮料
234,花卉种子
234,保管产品
234,面包卷
234,香肠
234,切片奶酪
234,香辛料
235,黄油
235,凝乳
235,冷冻热狗肠
235,长面包
235,面包卷
235,根茎类蔬菜
235,咸点心
235,香肠
235,切片奶酪
236,黄油
236,一般肉类
236,其他蔬菜
236,面包卷
237,一般饮料
237,一般清洁剂
237,即食食品
237,腌菜
237,根茎类蔬菜
238,香草
238,其他蔬菜
238,面包卷
238,根茎类蔬菜
238,切片奶酪
238,全脂牛奶
239,人造黄油
239,半成品面包
239,酸奶油
239,全脂牛奶
240,罐头鱼
240,罐头蔬菜
240,谷物
240,柑橘类水果
240,凝乳
240,甜点
240,冷冻甜点
240,卫生用品
240,餐巾
240,面包卷
240,盐
240,皮肤护理用品
240,糖
240,酸奶油
240,全脂牛奶
240,酸奶
241,糖果
241,柑橘类水果
241,凝乳
241,人造黄油
241,报纸
241,糕点
241,糖
242,瓶装啤酒
242,瓶装水
242,其他饮料
242,餐巾
242,其他蔬菜
242,粉红葡萄酒
242,苏打
242,全脂牛奶
243,柑橘类水果
243,面包卷
243,全脂牛奶
244,卫生用品
244,餐巾
244,油
244,香肠
245,牛肉
245,瓶装啤酒
245,瓶装水
245,黄油
245,冷冻热狗肠
245,冷冻甜点
245,葡萄
245,汉堡肉
245,马铃薯产品
245,根茎类蔬菜
245,全脂牛奶
246,瓶装水
246,硬奶酪
246,报纸
246,面包卷
247,巧克力
247,奶油乳酪
247,面包卷
247,苏打
248,牛肉
248,碗碟
248,冷冻蔬菜
248,相片/膜
248,火鸡
249,其他蔬菜
249,猪肉
249,面包卷
249,购物袋
249,苏打
249,酸奶油
250,一般饮料
250,全脂牛奶
251,面包卷
251,苏打
252,瓶装水
252,凝乳
252,卫生用品
252,仁果类水果
252,面包卷
252,香肠
252,切片奶酪
252,全脂牛奶
252,酸奶
253,冰淇淋
254,烈酒
255,水果/蔬菜汁
255,其他蔬菜
255,仁果类水果
256,其他蔬菜
256,根茎类蔬菜
256,酸奶
257,苏打
258,苏打
259,瓶装水
259,巧克力
259,柑橘类水果
259,报纸
259,其他蔬菜
259,面包卷
259,香肠
259,苏打
259,热带水果
259,全脂牛奶
259,酸奶
260,一般清洁剂
260,宠物护理用品
260,根茎类蔬菜
260,全脂牛奶
261,莓果
261,其他蔬菜
261,糕点
261,猪肉
261,根茎类蔬菜
261,特制门锁
262,猪肉
263,巧克力
264,水果/蔬菜汁
265,咖啡
265,腌菜
266,瓶装水
267,黄油
267,冷冻热狗肠
267,人造黄油
267,面包卷
267,香肠
267,香辛料
267,酸奶油
268,本地蛋类
268,卫生用品
268,餐巾
268,洋葱
268,其他蔬菜
268,仁果类水果
268,苏打
268,汤类
268,糖
268,茶
268,热带水果
268,全脂牛奶
269,罐装啤酒
270,根茎类蔬菜
271,莓果
271,柑橘类水果
271,一般肉类
271,根茎类蔬菜
271,苏打
271,全脂牛奶
272,瓶装水
272,冷冻热狗肠
272,水果/蔬菜汁
272,卫生用品
272,面包卷
273,人造黄油
273,朗姆酒
273,热带水果
274,酪
274,面粉
274,香草
274,卫生用品
274,根茎类蔬菜
274,热带水果
274,酸奶油
274,全脂牛奶
275,发酵粉
275,黑面包
275,柑橘类水果
275,奶油乳酪
275,本地蛋类
275,人造黄油
275,其他蔬菜
275,仁果类水果
275,根茎类蔬菜
275,威化饼
275,全脂牛奶
276,瓶装水
276,凝乳
276,水果/蔬菜汁
276,汉堡肉
276,人造黄油
276,其他蔬菜
276,糕点
276,面包卷
276,半成品面包
276,全脂牛奶
276,酸奶
277,鸡
277,甜点
277,其他蔬菜
277,意大利面
277,仁果类水果
277,面包卷
277,苏打
277,威化饼
277,酸奶油
277,全脂牛奶
277,酸奶
278,鸡
278,柑橘类水果
278,冷冻鱼
278,面包卷
278,根茎类蔬菜
278,热带水果
278,全脂牛奶
279,柑橘类水果
279,冷冻热狗肠
279,洋葱
279,其他蔬菜
279,面包卷
279,苏打
279,糖
279,全脂牛奶
280,罐装啤酒
281,糕点
281,仁果类水果
281,沙拉酱
281,火鸡
282,瓶装水
282,黑面包
282,凝乳
282,本地蛋类
282,其他饮料
282,芥末
282,包装水果/蔬菜
282,腌菜
282,全脂牛奶
282,酸奶
283,意大利面
284,柑橘类水果
284,热带水果
285,黑面包
285,盆栽
285,面包卷
285,香肠
285,全脂牛奶
285,酸奶
286,冷冻餐饭
286,水果/蔬菜汁
286,糕点
286,威化饼
286,全脂牛奶
287,罐装啤酒
288,柑橘类水果
288,酱油
288,糖
289,开胃酒
290,柑橘类水果
290,其他蔬菜
290,面包卷
290,咸点心
290,购物袋
291,香肠
292,瓶装水
292,罐装啤酒
292,鸡
292,餐巾
292,报纸
292,油
292,其他蔬菜
292,醋
292,全脂牛奶
293,面粉
293,汉堡肉
293,人造黄油
293,其他蔬菜
293,根茎类蔬菜
293,特色奶酪
293,酸奶油
293,全脂牛奶
293,酸奶
294,甜点
294,油
294,其他蔬菜
294,猪肉
294,香肠
294,苏打
294,酸奶
295,腐蚀性清洁剂
295,牛肉
295,莓果
295,根茎类蔬菜
295,酸奶油
295,全脂牛奶
296,瓶装水
296,柑橘类水果
296,包装水果/蔬菜
296,酸奶
297,咖啡
297,超高温杀菌的牛奶
298,糖果
299,报纸
300,牛肉
300,柑橘类水果
300,其他蔬菜
300,酸奶
301,面包卷
301,香肠
302,牛肉
302,罐装啤酒
302,凝乳
302,甜点
302,冷冻热狗肠
302,卫生用品
302,芥末
302,餐巾
302,腌菜
302,面包卷
302,根茎类蔬菜
302,软奶酪
302,酸奶
303,罐装啤酒
304,瓶装啤酒
305,口香糖
305,巧克力
305,报纸
305,洋葱
305,苏打
306,糖果
306,奶油乳酪
306,包装水果/蔬菜
306,热带水果
306,白面包
307,瓶装水
307,白酒
308,牛肉
308,意大利面
308,糕点
308,肥皂
308,白面包
309,腐蚀性清洁剂
309,糖果
309,鸡
309,清洁工具
309,根茎类蔬菜
309,香肠
309,热带水果
309,全脂牛奶
309,酸奶
310,发胶
311,鸡
311,长面包
311,购物袋
311,香辛料
311,全脂牛奶
312,黑面包
312,猫食
312,柑橘类水果
312,糕点
312,猪肉
312,糖
313,冰淇淋
314,瓶装啤酒
314,硬奶酪
314,一般肉类
315,黑面包
315,速溶咖啡
315,其他蔬菜
315,酸奶
316,瓶装水
316,风味蛋糕
317,咸点心
317,苏打
317,热带水果
318,相片/膜
319,罐装啤酒
319,柑橘类水果
319,咖啡
319,碗碟
319,香肠
319,苏打
319,酸奶
320,葡萄
320,根茎类蔬菜
321,黑面包
321,本地蛋类
321,相片/膜
322,罐装啤酒
322,罐头鱼
322,面包卷
323,热带水果
323,全脂牛奶
324,鸡
325,瓶装水
325,黑面包
325,冷冻热狗肠
325,其他蔬菜
325,酸奶
326,莓果
326,酪
326,奶油乳酪
326,凝乳
326,一般清洁剂
326,人造黄油
326,其他饮料
326,其他蔬菜
326,卷装制品
326,根茎类蔬菜
326,特色巧克力
327,卫生用品
327,人造黄油
328,面包卷
328,购物袋
328,苏打
328,热带水果
328,酸奶
329,糖果
329,巧克力
329,火腿
329,硬奶酪
329,其他饮料
329,其他蔬菜
329,面包卷
329,苏打
329,酸奶油
330,汉堡肉
330,咸点心
330,白面包
331,蛋黄酱
331,餐巾
331,面包卷
331,苏打
331,酸奶
332,苏打
332,特色巧克力
333,酸奶
334,苏打
335,瓶装水
336,汉堡肉
336,一般肉类
336,医用酒精
336,香肠
337,一般饮料
337,柑橘类水果
337,水果/蔬菜汁
337,硬奶酪
337,宠物护理用品
337,仁果类水果
337,苏打
337,威化饼
338,购物袋
339,报纸
340,凝乳
340,厨房清洁剂
340,冷冻热狗肠
340,冷冻土豆制品
340,其他蔬菜
340,特制门锁
340,全脂牛奶
340,面包干
341,罐装啤酒
341,柑橘类水果
341,香肠
341,全脂牛奶
342,冷冻热狗肠
342,面包卷
343,炊具
343,盐
343,咸点心
344,油
345,一般饮料
345,风味蛋糕
345,口香糖
345,奶油乳酪
345,凝乳
345,糕点
345,面包卷
345,苏打
346,黄油
346,其他蔬菜
346,特色巧克力
347,柑橘类水果
348,酪
348,冷冻热狗肠
348,全脂牛奶
349,黄油
349,蛋黄酱
349,融化奶酪
349,根茎类蔬菜
349,咸点心
349,全脂牛奶
350,瓶装啤酒
350,冷冻餐饭
350,热带水果
350,全脂牛奶
351,牛肉
351,汉堡肉
351,仁果类水果
352,莓果
352,谷物
352,购物袋
352,威化饼
352,酸奶油
353,罐装啤酒
354,罐装啤酒
354,粉红葡萄酒
354,酸奶油
355,糖果
355,巧克力棉花糖
355,本地蛋类
355,人造黄油
355,根茎类蔬菜
356,苏打
356,全脂牛奶
357,牛肉
358,冷冻蔬菜
359,瓶装啤酒
359,面包卷
360,卫生用品
360,全脂牛奶
361,全脂牛奶
362,柑橘类水果
362,凝乳
362,软奶酪
362,全脂牛奶
363,水果/蔬菜汁
363,糕点
364,黑面包
364,黄油
364,冷冻热狗肠
364,仁果类水果
364,猪肉
364,融化奶酪
364,香肠
364,白面包
365,本地蛋类
365,根茎类蔬菜
365,热带水果
365,酸奶油
365,全脂牛奶
366,冷冻热狗肠
366,餐巾
366,糕点
366,根茎类蔬菜
366,香肠
366,酸奶油
366,酸奶
367,莓果
367,猫食
367,凝乳
367,凝乳酪
367,一般清洁剂
367,其他蔬菜
367,包装水果/蔬菜
367,根茎类蔬菜
367,特制门锁
367,全脂牛奶
368,瓶装啤酒
368,黑面包
368,咖啡
368,糕点
368,面包卷
369,咖啡
369,凝乳
369,甜点
369,冷冻蔬菜
369,包装水果/蔬菜
369,根茎类蔬菜
369,特色油脂
370,酸奶
371,瓶装水
371,其他蔬菜
372,莓果
372,白面包
373,莓果
373,咖啡
374,瓶装水
374,酪
374,冷冻餐饭
374,其他蔬菜
375,报纸
375,面包卷
376,柑橘类水果
376,火腿
376,卫生用品
376,糕点
376,面包卷
376,威化饼
376,酸奶油
376,全脂牛奶
377,冷冻甜点
377,餐巾
377,咸点心
377,全脂牛奶
378,瓶装水
378,酪
378,面包卷
378,热带水果
379,瓶装水
380,酪
380,酸奶
381,报纸
382,咖啡
383,瓶装啤酒
383,烈酒
384,黄油
384,糖果
384,保鲜膜/袋
384,冷冻蔬菜
384,硬奶酪
384,餐巾
384,洋葱
384,意大利面
384,特色油脂
384,糖水
384,酸奶油
385,狗粮
385,冷冻餐饭
385,汉堡肉
385,硬奶酪
385,意大利面
385,咸点心
385,购物袋
386,奶油乳酪
386,干面包
386,其他蔬菜
386,糕点
386,香肠
386,购物袋
386,肥皂
387,硬奶酪
387,餐巾
387,糕点
388,炼乳
388,面包卷
388,香肠
388,热带水果
389,汉堡肉
390,一般饮料
390,冷冻甜点
390,洋葱
390,全脂牛奶
391,咖啡
392,购物袋
393,瓶装水
393,糕点
393,面包卷
393,购物袋
393,苏打
393,酸奶
394,苏打
395,切片奶酪
396,咖啡
396,香肠
396,全脂牛奶
397,巧克力
397,酸奶
398,厨房清洁剂
398,本地蛋类
398,卫生用品
398,面包卷
399,全脂牛奶
400,一般肉类
400,其他蔬菜
400,酸奶油
400,全脂牛奶
401,浴室清洁剂
401,厨房清洁剂
401,卫生用品
401,餐巾
402,其他蔬菜
402,粉红葡萄酒
403,酪
403,咖啡
403,水果/蔬菜汁
403,长面包
403,面包卷
403,购物袋
403,切片奶酪
403,甜食
403,全脂牛奶
403,酸奶
404,即食食品
404,其他蔬菜
404,面包卷
404,全脂牛奶
405,其他蔬菜
405,热带水果
406,发酵粉
406,瓶装水
406,口香糖
406,咸点心
407,特制门锁
408,冰淇淋
409,冷冻热狗肠
409,酸奶
410,罐装啤酒
411,瓶装水
412,瓶装啤酒
412,瓶装水
412,人造黄油
412,其他蔬菜
412,面包卷
412,全脂牛奶
413,柑橘类水果
413,洋葱
413,其他蔬菜
413,购物袋
413,热带水果
414,火腿
414,汉堡肉
414,报纸
414,香肠
414,苏打
414,柔软剂
414,全脂牛奶
415,本地蛋类
415,餐巾
415,面包卷
415,特制门锁
416,柑橘类水果
416,凝乳
416,卫生用品
416,其他蔬菜
416,猪肉
416,根茎类蔬菜
416,热带水果
417,咖啡
417,冷冻蔬菜
417,水果/蔬菜汁
417,咸点心
417,苏打
417,特色奶酪
418,柑橘类水果
418,水果/蔬菜汁
418,仁果类水果
418,猪肉
418,起泡酒
418,酸奶
419,牛肉
419,莓果
419,本地蛋类
419,面包卷
419,酸奶油
420,其他蔬菜
420,宠物护理用品
421,口香糖
421,鸡
421,碗碟
421,面包卷
421,切片奶酪
421,酸奶
422,口香糖
422,苏打
423,全脂牛奶
424,面包卷
425,瓶装啤酒
426,瓶装水
426,男性化妆品
426,糕点
426,根茎类蔬菜
427,糕点
428,莓果
428,风味蛋糕
428,宠物护理用品
428,购物袋
429,瓶装水
429,罐头蔬菜
429,柑橘类水果
429,根茎类蔬菜
429,苏打
429,柔软剂
429,热带水果
429,酸奶
430,罐装水果
430,水果/蔬菜汁
430,油
430,全脂牛奶
431,其他饮料
431,苏打
432,瓶装水
432,苏打
433,其他蔬菜
433,面包卷
433,热带水果
434,咸点心
435,瓶装水
435,罐装啤酒
436,巧克力
437,柑橘类水果
437,奶油乳酪
437,冷冻蔬菜
437,超高温杀菌的牛奶
438,瓶装水
438,罐装啤酒
438,男性化妆品
439,瓶装水
439,餐巾
439,洋葱
439,其他蔬菜
439,糕点
439,苏打
440,猫食
440,甜点
440,油
440,苏打
441,牛肉
441,咖啡
441,牙齿保健用品
441,冷冻土豆制品
441,卫生用品
441,人造黄油
441,报纸
441,油
441,其他蔬菜
441,面包卷
441,全脂牛奶
442,瓶装啤酒
442,瓶装水
442,白兰地
442,罐装啤酒
442,其他饮料
442,面包卷
442,面包干
443,牛肉
443,速溶咖啡
443,洋葱
443,其他蔬菜
443,根茎类蔬菜
443,苏打
443,热带水果
444,苏打
445,咖啡
445,卫生用品
446,瓶装水
446,黑面包
446,面包卷
447,牛肉
447,冷冻蔬菜
447,汉堡肉
447,人造黄油
447,其他蔬菜
447,猪肉
447,面包卷
447,购物袋
447,全脂牛奶
448,罐装啤酒
448,卫生用品
448,开胃酒
448,餐巾
448,报纸
448,苏打
449,火腿
449,冰淇淋
449,其他蔬菜
449,香肠
449,白面包
450,牛肉
450,其他蔬菜
450,面包卷
450,根茎类蔬菜
450,糖
451,瓶装啤酒
451,瓶装水
451,黄油
451,全脂牛奶
452,保管产品
452,卫生用品
452,冰淇淋
452,猪肉
453,莓果
453,水果/蔬菜汁
453,冰淇淋
453,包装水果/蔬菜
453,咸点心
453,特制门锁
453,全脂牛奶
454,凝乳
454,冷冻蔬菜
454,其他蔬菜
454,卷装制品
454,面包卷
454,香肠
454,酸奶油
454,酸奶
455,瓶装水
455,保鲜膜/袋
455,其他饮料
456,瓶装水
456,冷冻甜点
456,硬奶酪
456,其他蔬菜
456,包装水果/蔬菜
456,白饭
456,热带水果
456,全脂牛奶
457,瓶装水
457,香草
458,面包卷
458,酸奶
459,即食食品
460,特色巧克力
461,咖啡
462,瓶装啤酒
462,烈酒
463,牛肉
463,根茎类蔬菜
464,蜜糖
464,威化饼
464,全脂牛奶
465,冷冻热狗肠
465,糕点
465,面包卷
465,小吃类食品
465,特制门锁
466,凝乳
466,冷冻热狗肠
466,冷冻蔬菜
466,卫生用品
466,干面包
466,相片/膜
466,面包卷
466,根茎类蔬菜
466,香肠
466,半成品面包
467,奶油乳酪
467,其他蔬菜
467,全脂牛奶
468,冷冻热狗肠
468,腌菜
468,根茎类蔬菜
468,季节性商品
468,苏打
469,报纸
469,面包卷
469,全脂牛奶
470,牙齿保健用品
470,冷冻热狗肠
470,人造黄油
471,其他蔬菜
471,咸点心
472,瓶装水
472,购物袋
473,黄油
473,卫生用品
473,洋葱
473,糕点
473,猪肉
473,面包卷
473,朗姆酒
473,全脂牛奶
474,瓶装水
475,本地蛋类
475,其他蔬菜
475,特色奶酪
475,酸奶油
476,罐装啤酒
476,凝乳
476,汉堡肉
476,意大利面
476,全脂牛奶
477,柑橘类水果
477,汉堡肉
477,其他蔬菜
478,购物袋
479,奶油乳酪
479,水果/蔬菜汁
479,苏打
479,全脂牛奶
480,冰淇淋
481,瓶装水
481,糕点
482,婴儿化妆品
482,酪
482,巧克力
482,咖啡
482,奶油乳酪
482,凝乳
482,甜点
482,火腿
482,长面包
482,仁果类水果
482,切片奶酪
482,酸奶油
482,白面包
482,全脂牛奶
483,冷冻热狗肠
483,苏打
484,牛肉
484,本地蛋类
484,面粉
484,其他饮料
484,餐巾
484,有机蔬菜
484,白饭
484,面包卷
484,根茎类蔬菜
484,香肠
484,火鸡
485,瓶装啤酒
486,瓶装啤酒
486,瓶装水
486,餐巾
487,瓶装水
487,冷冻餐饭
487,硬奶酪
487,一般肉类
487,其他蔬菜
487,苏打
488,糖果
488,甜点
489,瓶装水
489,其他蔬菜
489,包装水果/蔬菜
489,超高温杀菌的牛奶
490,一般饮料
490,面包卷
490,苏打
491,罐头鱼
491,火腿
491,芥末
492,特制门锁
493,黑面包
493,咸点心
493,购物袋
493,苏打
494,咖啡
494,奶油乳酪
494,全脂牛奶
495,糕点
495,粉红葡萄酒
495,面包卷
496,瓶装啤酒
496,坚果小吃
497,瓶装啤酒
497,宠物护理用品
498,柑橘类水果
498,其他蔬菜
498,苏打
499,冷冻蔬菜
499,卫生用品
499,其他蔬菜
499,猪肉
500,其他蔬菜
500,购物袋
501,一般清洁剂
501,白酒
502,瓶装水
502,甜点
502,全脂牛奶
503,仁果类水果
503,购物袋
503,白酒
504,瓶装啤酒
504,苏打
504,糖
505,糖果
505,咖啡
505,水果/蔬菜汁
505,仁果类水果
505,面包卷
505,热带水果
506,瓶装啤酒
506,瓶装水
506,奶油乳酪
506,冷冻甜点
506,水果/蔬菜汁
506,其他饮料
506,根茎类蔬菜
506,苏打
506,水果奶油涂抹酱
506,白面包
507,其他饮料
507,苏打
508,凝乳
508,全脂牛奶
509,瓶装水
509,男性化妆品
509,其他蔬菜
509,热带水果
509,酸奶
510,黑面包
510,白面包
511,黑面包
511,卫生用品
511,糖
512,瓶装水
512,糖果
512,咖啡
512,保管产品
512,粉红葡萄酒
512,根茎类蔬菜
512,购物袋
512,热带水果
513,本地蛋类
514,咖啡
514,一般清洁剂
514,卫生用品
514,相片/膜
515,苏打
516,全脂牛奶
517,瓶装啤酒
518,牛肉
518,莓果
518,猫食
518,巧克力
518,咖啡
518,厨房清洁剂
518,冷冻鱼
518,冷冻土豆制品
518,蛋黄酱
518,芥末
518,餐巾
518,报纸
518,油
518,包装水果/蔬菜
518,猪肉
518,苏打
518,全脂牛奶
519,其他蔬菜
519,酸奶
520,瓶装水
520,碗碟
520,酸奶
521,起泡酒
522,瓶装水
522,糖果
523,莓果
523,酪
523,柑橘类水果
523,水果/蔬菜汁
523,卫生用品
523,其他蔬菜
523,糖
524,汉堡肉
524,其他蔬菜
524,面包卷
524,根茎类蔬菜
524,全脂牛奶
525,包装水果/蔬菜
525,季节性商品
526,人造黄油
526,其他蔬菜
527,苏打
528,瓶装水
528,冷冻土豆制品
528,水果/蔬菜汁
528,人造黄油
528,咸点心
528,全脂牛奶
528,酸奶
529,香草
529,酸奶
530,柑橘类水果
530,面包卷
530,苏打
530,水果奶油涂抹酱
531,其他饮料
532,女性卫生用品
533,苏打
534,一般饮料
534,意大利面
534,购物袋
534,热带水果
534,白面包
534,全脂牛奶
535,女性卫生用品
535,苏打
536,瓶装水
536,苏打
536,威化饼
536,白面包
537,口香糖
537,巧克力棉花糖
537,咖啡
538,发酵粉
538,巧克力棉花糖
538,咖啡
538,冷冻蔬菜
538,蜜糖
538,粉红葡萄酒
538,根茎类蔬菜
538,热带水果
538,全脂牛奶
539,酪
539,仁果类水果
539,猪肉
539,全脂牛奶
540,瓶装水
540,柑橘类水果
541,冷冻热狗肠
542,冷冻热狗肠
542,面包卷
543,凝乳
543,本地蛋类
543,冷冻热狗肠
543,硬奶酪
543,卫生用品
543,餐巾
543,仁果类水果
543,面包卷
543,购物袋
543,热带水果
543,超高温杀菌的牛奶
544,其他蔬菜
545,水果/蔬菜汁
545,报纸
545,酸奶
546,瓶装水
546,黑面包
546,谷物
546,香肠
546,苏打
546,全脂牛奶
546,酸奶
547,全脂牛奶
548,瓶装水
548,凝乳
548,糕点
548,仁果类水果
548,全脂牛奶
549,全脂牛奶
550,其他蔬菜
550,根茎类蔬菜
551,水果/蔬菜汁
551,洋葱
552,特色巧克力
553,本地蛋类
553,汉堡肉
554,相片/膜
555,报纸
555,面包卷
555,小吃类食品
555,苏打
556,罐装啤酒
557,罐装啤酒
558,瓶装啤酒
558,蜡烛
558,凝乳
558,冷冻餐饭
558,冷冻土豆制品
558,厨房毛巾
558,其他蔬菜
558,苏打
559,罐装啤酒
560,凝乳
560,面包卷
560,香辛料
560,酸奶油
560,面包干
561,黄油
561,水果/蔬菜汁
561,报纸
562,瓶装水
562,本地蛋类
562,其他蔬菜
562,苏打
562,全脂牛奶
562,酸奶
563,全脂牛奶
564,牛肉
564,凝乳
564,香草
564,切片奶酪
564,热带水果
564,酸奶油
564,全脂牛奶
564,酸奶
565,面包卷
565,香肠
566,苏打
567,水果/蔬菜汁
567,长面包
568,咖啡
568,一般清洁剂
568,长面包
568,面包卷
568,购物袋
569,瓶装水
569,糖果
569,仁果类水果
569,全脂牛奶
570,瓶装啤酒
570,口香糖
570,冷冻蔬菜
570,开胃酒
570,餐巾
570,报纸
571,一般饮料
572,本地蛋类
572,汉堡肉
572,卫生用品
572,人造黄油
572,油
572,其他蔬菜
572,卷装制品
572,根茎类蔬菜
573,水果/蔬菜汁
573,其他蔬菜
573,根茎类蔬菜
573,白酒
573,全脂牛奶
573,酸奶
574,罐装啤酒
575,瓶装啤酒
575,冷冻蔬菜
576,罐装啤酒
577,报纸
578,面包卷
579,汉堡肉
579,咸点心
579,超高温杀菌的牛奶
580,凝乳
580,仁果类水果
580,朗姆酒
580,全脂牛奶
581,罐装啤酒
582,本地蛋类
582,冷冻蔬菜
582,葡萄
582,根茎类蔬菜
582,白酒
583,黄油
583,包装水果/蔬菜
583,面包卷
583,根茎类蔬菜
583,酸奶油
584,罐装啤酒
584,柑橘类水果
584,冷冻蔬菜
584,面包卷
584,咸点心
585,保鲜膜/袋
585,盆栽
586,发酵粉
586,瓶装啤酒
586,冷冻热狗肠
586,人造黄油
586,面包卷
586,全脂牛奶
587,粉红葡萄酒
587,全脂牛奶
588,发酵粉
588,谷物
588,凝乳
588,本地蛋类
588,冷冻甜点
588,冷冻餐饭
588,水果/蔬菜汁
588,硬奶酪
588,猪肉
588,肥皂
588,热带水果
588,全脂牛奶
588,酸奶
589,鸡
589,糕点
590,厨房清洁剂
590,碗碟
590,香肠
591,特制门锁
592,糕点
592,特制门锁
592,酸奶油
593,黑面包
593,根茎类蔬菜
594,面包卷
594,苏打
595,瓶装啤酒
595,其他蔬菜
595,粉红葡萄酒
596,莓果
596,瓶装水
596,黄油
596,柑橘类水果
596,卫生用品
596,餐巾
596,其他蔬菜
596,根茎类蔬菜
596,医用酒精
596,热带水果
596,全脂牛奶
597,黑面包
597,糕点
597,融化奶酪
597,苏打
597,全脂牛奶
598,糖果
598,冷冻热狗肠
598,糕点
598,面包卷
598,根茎类蔬菜
598,香肠
598,热带水果
598,全脂牛奶
598,酸奶
599,咖啡
599,长面包
600,火腿
600,面包卷
600,白酒
601,罐装啤酒
602,罐装啤酒
603,罐装啤酒
604,罐头鱼
604,仁果类水果
604,全脂牛奶
605,瓶装水
605,凝乳
605,其他蔬菜
605,仁果类水果
605,猪肉
605,苏打
605,糖
605,白面包
605,全脂牛奶
606,肥皂
607,瓶装水
607,黄油
607,冷冻餐饭
607,意大利面
607,仁果类水果
608,牛肉
608,柑橘类水果
608,汉堡肉
608,芥末
608,肥皂
608,全脂牛奶
609,瓶装啤酒
609,巧克力
609,一般肉类
609,报纸
609,其他蔬菜
609,面包卷
609,香肠
609,苏打
609,全脂牛奶
609,酸奶
610,冷冻鸡肉
611,苏打
612,瓶装啤酒
612,瓶装水
612,黑面包
612,凝乳
612,面包卷
612,季节性商品
612,热带水果
612,酸奶
613,其他蔬菜
614,牛肉
614,柑橘类水果
614,凝乳
614,一般清洁剂
614,人造黄油
614,报纸
614,油
614,面包卷
614,特制门锁
615,牛肉
615,柑橘类水果
615,一般肉类
615,其他蔬菜
615,腌菜
615,猪肉
615,根茎类蔬菜
615,全脂牛奶
616,黄油
616,汉堡肉
616,一般肉类
616,报纸
616,包装水果/蔬菜
616,根茎类蔬菜
616,全脂牛奶
617,瓶装水
617,长面包
617,报纸
617,粉红葡萄酒
617,苏打
618,面包卷
619,罐装啤酒
619,糕点
620,糕点
620,猪肉
620,酱油
620,全脂牛奶
621,电灯泡
621,报纸
621,糕点
621,仁果类水果
621,切片奶酪
621,白酒
622,牛肉
622,瓶装水
622,柑橘类水果
622,冷冻蔬菜
622,面包卷
622,皮肤护理用品
622,热带水果
622,超高温杀菌的牛奶
622,酸奶
623,牛肉
623,莓果
623,黑面包
623,柑橘类水果
623,咖啡
623,厨房毛巾
623,糖
624,面包卷
624,香辛料
625,黄油
625,罐头蔬菜
625,柑橘类水果
625,凝乳
625,冷冻蔬菜
625,香草
625,其他饮料
625,热带水果
625,酸奶油
625,全脂牛奶
626,牛肉
626,咖啡
626,面粉
626,冷冻甜点
626,香草
626,一般肉类
626,油
626,盆栽
626,面包卷
626,半成品面包
626,全脂牛奶
627,一般饮料
627,瓶装水
627,糕点
628,牛肉
628,柑橘类水果
628,其他蔬菜
628,面包卷
629,发胶
629,火腿
629,人造黄油
629,白面包
629,全脂牛奶
630,瓶装啤酒
630,罐头鱼
630,咖啡
630,汉堡肉
630,卫生用品
630,即食食品
630,番茄酱
630,报纸
630,油
630,汤类
630,全脂牛奶
631,牛肉
631,瓶装水
631,酪
631,柑橘类水果
631,水果/蔬菜汁
631,人造黄油
631,其他蔬菜
631,融化奶酪
631,面包卷
631,切片奶酪
632,牛肉
632,柑橘类水果
632,本地蛋类
632,水果/蔬菜汁
632,糕点
632,卷装制品
632,面包卷
632,茶
632,全脂牛奶
633,一般清洁剂
633,根茎类蔬菜
633,全脂牛奶
634,糖果
634,柑橘类水果
634,保鲜膜/袋
634,冷冻蔬菜
634,水果/蔬菜汁
634,葡萄
634,烈酒
634,开胃酒
634,其他蔬菜
634,腌菜
634,朗姆酒
634,热带水果
635,瓶装水
635,酸奶
636,黑面包
636,罐头鱼
636,长面包
636,其他蔬菜
636,根茎类蔬菜
636,热带水果
636,酸奶油
637,冷冻热狗肠
637,报纸
637,根茎类蔬菜
638,腐蚀性清洁剂
638,牛肉
638,黑面包
638,其他蔬菜
638,糕点
638,咸点心
638,购物袋
638,全脂牛奶
639,购物袋
640,罐装啤酒
641,罐装啤酒
641,面包卷
642,瓶装水
642,糖果
642,巧克力
642,肉泥
642,其他饮料
642,其他蔬菜
642,面包卷
642,苏打
642,威化饼
643,瓶装水
643,汉堡肉
643,其他蔬菜
643,面包卷
643,酸奶
644,瓶装水
644,罐头鱼
644,柑橘类水果
644,水果/蔬菜汁
644,汉堡肉
644,即食食品
644,餐巾
644,面包卷
644,根茎类蔬菜
644,苏打
645,口香糖
645,本地蛋类
645,冷冻热狗肠
645,香肠
645,购物袋
645,苏打
646,瓶装啤酒
647,本地蛋类
647,糕点
647,面包卷
647,热带水果
648,苏打
649,罐装啤酒
649,冷冻热狗肠
649,洋葱
649,其他蔬菜
649,根茎类蔬菜
649,白面包
650,罐装啤酒
650,鸡
650,保鲜膜/袋
650,厨房清洁剂
650,汉堡肉
650,香草
650,餐巾
650,苏打
650,汤类
650,酸奶油
651,咖啡
651,苏打
652,全脂牛奶
653,人造黄油
654,其他蔬菜
654,热带水果
655,一般肉类
655,其他蔬菜
656,瓶装水
656,罐装啤酒
656,奶油乳酪
657,报纸
658,报纸
658,糕点
658,面包卷
659,柑橘类水果
659,凝乳
659,水果/蔬菜汁
659,长面包
659,其他蔬菜
659,马铃薯产品
659,全脂牛奶
659,酸奶
660,一般清洁剂
660,面包卷
660,全脂牛奶
661,酪
661,柑橘类水果
661,女性卫生用品
661,冷冻热狗肠
661,面包卷
661,购物袋
661,超高温杀菌的牛奶
662,黄油
662,火腿
662,其他蔬菜
662,苏打
662,糖
662,酸奶油
663,瓶装啤酒
663,柑橘类水果
663,冷冻热狗肠
663,咸点心
664,咖啡
664,凝乳
664,本地蛋类
664,洋葱
664,香肠
664,酸奶
665,本地蛋类
666,本地蛋类
666,面包卷
666,苏打
666,全脂牛奶
667,瓶装啤酒
667,报纸
667,面包卷
668,巧克力棉花糖
668,硬奶酪
668,全脂牛奶
669,其他蔬菜
669,面包卷
669,根茎类蔬菜
669,香肠
669,苏打
670,一般饮料
670,酪
670,凝乳
670,酸奶
671,瓶装水
672,牛肉
673,巧克力棉花糖
673,咖啡
673,冷冻热狗肠
673,汉堡肉
673,芥末
673,报纸
673,马铃薯产品
673,面包卷
673,肥皂
673,威化饼
673,全脂牛奶
674,黄油
674,鸡
674,报纸
675,蜡烛
675,咖啡
675,一般肉类
675,糕点
675,仁果类水果
675,盆栽
675,香肠
675,糖
675,热带水果
676,一般饮料
676,猪肉
676,酸奶油
676,全脂牛奶
677,咖啡
677,糕点
677,酸奶
678,猫食
678,一般清洁剂
678,碗碟
678,人造黄油
678,购物袋
678,切片奶酪
678,全脂牛奶
679,冷冻热狗肠
679,水果/蔬菜汁
679,火腿
679,餐巾
679,糕点
679,面包卷
679,苏打
679,糖
679,醋
679,全脂牛奶
679,酸奶
680,牛肉
680,黑面包
680,报纸
680,特色巧克力
680,全脂牛奶
681,酪
681,奶油乳酪
681,其他蔬菜
681,仁果类水果
681,面包卷
682,巧克力
682,咖啡
682,面包卷
682,香肠
682,全脂牛奶
683,咖啡
683,糕点
684,牛肉
684,鸡
684,特色巧克力
685,巧克力
685,冷冻甜点
685,冷冻鱼
685,冷冻蔬菜
685,其他蔬菜
685,根茎类蔬菜
685,切片奶酪
685,全脂牛奶
686,冷冻餐饭
686,面包卷
686,全脂牛奶
687,一般清洁剂
688,罐头鱼
688,面包卷
689,保管产品
690,清洁工具
690,果酱
690,盐
690,起泡酒
690,酸奶
691,凝乳
691,面包卷
691,切片奶酪
691,苏打
691,热带水果
692,热带水果
693,甜味剂
693,凝乳
693,牙齿保健用品
693,超高温杀菌的牛奶
694,牛肉
694,莓果
694,洋葱
694,面包卷
695,瓶装水
695,黑面包
695,人造黄油
695,餐巾
695,报纸
695,意大利面
695,全脂牛奶
696,瓶装水
696,罐装啤酒
696,猪肉
696,苏打
696,超高温杀菌的牛奶
697,清洁工具
697,凝乳
697,凝乳酪
697,卫生用品
697,人造黄油
697,其他蔬菜
697,酸奶
698,罐装啤酒
698,水果/蔬菜汁
698,长面包
698,面包卷
698,购物袋
698,苏打
698,白酒
699,冷冻热狗肠
699,仁果类水果
699,卷装制品
699,面包卷
699,全脂牛奶
700,卫生用品
700,报纸
700,购物袋
700,酸奶
701,猫食
701,咖啡
701,凝乳
701,切片奶酪
701,全脂牛奶
702,瓶装水
702,糖果
703,牛肉
703,黄油
703,冷冻热狗肠
704,面包卷
704,购物袋
704,小吃类食品
704,苏打
705,瓶装水
705,卫生用品
705,糕点
705,全脂牛奶
706,面包卷
707,黑面包
707,鸡
707,洋葱
707,其他蔬菜
707,粉红葡萄酒
707,白酒
707,全脂牛奶
708,黄油
708,碗碟
708,洋葱
708,热带水果
708,全脂牛奶
709,黑面包
709,卫生用品
709,油
709,其他蔬菜
709,香肠
709,购物袋
709,火鸡
709,酸奶
710,糖果
710,凝乳
710,硬奶酪
710,报纸
710,其他蔬菜
710,香肠
710,苏打
710,全脂牛奶
711,柑橘类水果
711,冷冻热狗肠
711,速溶咖啡
711,人造黄油
711,糕点
711,即食汤
711,购物袋
712,脱钙液
712,冷冻甜点
712,水果/蔬菜汁
712,报纸
712,超高温杀菌的牛奶
713,报纸
713,面包卷
714,罐装啤酒
715,特制门锁
715,酸奶
716,特制门锁
716,酸奶油
717,罐装啤酒
717,面包卷
718,面包卷
719,一般饮料
719,面包卷
720,面包卷
721,面包卷
721,购物袋
722,瓶装啤酒
723,瓶装水
723,柑橘类水果
723,凝乳
723,油
723,面包卷
723,切片奶酪
723,酸奶
724,瓶装水
724,苏打
725,糕点
726,蜡烛
726,咖啡
726,本地蛋类
726,糕点
726,面包卷
727,牛肉
727,人造黄油
727,仁果类水果
727,面包卷
727,根茎类蔬菜
728,瓶装水
728,报纸
728,面包卷
728,水果奶油涂抹酱
729,面包卷
729,苏打
729,水果奶油涂抹酱
729,热带水果
730,蜡烛
730,罐装啤酒
730,包装水果/蔬菜
731,瓶装啤酒
731,餐巾
731,咸点心
731,白酒
731,全脂牛奶
731,酸奶
732,牛肉
732,黄油
732,本地蛋类
732,一般肉类
732,其他蔬菜
732,面包卷
732,全脂牛奶
733,瓶装啤酒
733,一般清洁剂
733,碗碟
733,开胃酒
733,洋葱
733,全脂牛奶
734,瓶装水
734,黑面包
734,酪
734,冷冻热狗肠
734,葡萄
734,人造黄油
734,有机蔬菜
734,其他蔬菜
734,苏打
734,超高温杀菌的牛奶
735,牛肉
735,瓶装啤酒
735,面包卷
736,牛肉
737,瓶装啤酒
737,开胃酒
737,香肠
738,鸡
738,香草
738,卫生用品
738,洋葱
739,罐装啤酒
740,瓶装啤酒
740,其他蔬菜
740,根茎类蔬菜
740,香肠
740,季节性商品
740,全脂牛奶
741,凝乳
741,热带水果
741,酸奶油
741,全脂牛奶
741,酸奶
742,腐蚀性清洁剂
742,花卉种子
742,冷冻热狗肠
742,报纸
742,面包卷
742,苏打
743,香肠
743,半成品面包
743,热带水果
744,牛肉
744,根茎类蔬菜
744,热带水果
744,酸奶
745,面粉
745,糕点
745,朗姆酒
745,热带水果
746,酸奶
747,冷冻热狗肠
747,芥末
747,面包卷
748,瓶装啤酒
749,葡萄
749,苏打
750,一般饮料
750,面包卷
751,瓶装啤酒
751,凝乳
751,盆栽
752,花卉种子
752,冰淇淋
752,糖
753,罐装啤酒
753,面包卷
753,香肠
753,购物袋
753,苏打
754,其他蔬菜
755,一般饮料
755,瓶装水
755,甜点
756,脱钙液
757,罐装啤酒
758,咖啡
759,莓果
759,其他蔬菜
759,酸奶油
759,全脂牛奶
760,瓶装啤酒
760,报纸
760,猪肉
760,面包卷
760,半成品面包
760,热带水果
761,发酵粉
761,酪
761,鸡
761,柑橘类水果
761,奶油乳酪
761,本地蛋类
761,冷冻热狗肠
761,冷冻甜点
761,其他蔬菜
761,猪肉
761,面包卷
761,糖
761,酸奶油
761,全脂牛奶
762,牛肉
762,瓶装啤酒
762,瓶装水
762,本地蛋类
762,卫生用品
762,猪肉
762,全脂牛奶
763,瓶装水
763,猫食
763,柑橘类水果
763,冷冻热狗肠
763,洋葱
763,其他蔬菜
763,包装水果/蔬菜
763,猪肉
763,根茎类蔬菜
764,白兰地
764,冷冻甜点
765,鸡
765,炼乳
765,冷冻蔬菜
765,水果/蔬菜汁
765,其他蔬菜
765,包装水果/蔬菜
766,油
766,醋
767,面包卷
767,苏打
767,特制门锁
768,全脂牛奶
769,猪肉
769,根茎类蔬菜
769,酸奶油
769,全脂牛奶
770,报纸
770,面包卷
771,碗碟
771,葡萄
771,即食食品
771,其他蔬菜
771,面包干
772,发酵粉
772,柑橘类水果
772,奶油乳酪
772,冷冻热狗肠
772,餐巾
772,面包卷
772,季节性商品
772,酸奶油
773,瓶装啤酒
773,成品
773,冷冻蔬菜
773,冰淇淋
773,包装水果/蔬菜
773,根茎类蔬菜
773,苏打
773,特色奶酪
773,酸奶
774,面粉
774,洋葱
774,其他蔬菜
775,面包卷
775,热带水果
775,全脂牛奶
776,巧克力
776,巧克力棉花糖
776,奶油乳酪
776,其他蔬菜
776,茶
777,牛肉
777,火腿
777,其他蔬菜
777,盆栽
777,火鸡
777,全脂牛奶
778,瓶装啤酒
778,人造黄油
778,其他蔬菜
778,全脂牛奶
779,凝乳
780,牛肉
780,其他蔬菜
780,香肠
781,罐装啤酒
781,口香糖
781,开胃酒
782,莓果
782,风味蛋糕
782,糖果
782,鸡
782,柑橘类水果
782,凝乳
782,冷冻蔬菜
782,火腿
782,开胃酒
782,人造黄油
782,洋葱
782,面包卷
782,季节性商品
782,皮肤护理用品
782,苏打
782,全脂牛奶
782,酸奶
783,瓶装水
783,甜点
783,长面包
783,人造黄油
783,包装水果/蔬菜
783,超高温杀菌的牛奶
783,全脂牛奶
783,酸奶
784,一般肉类
784,面包卷
784,苏打
784,特制门锁
785,甜点
785,全脂牛奶
786,罐装啤酒
787,鸡
787,咖啡
787,保管产品
787,长面包
787,面包卷
787,超高温杀菌的牛奶
788,报纸
788,粉红葡萄酒
788,面包卷
789,瓶装水
789,宠物护理用品
790,其他蔬菜
790,根茎类蔬菜
790,购物袋
790,苏打
791,糕点
792,瓶装水
792,黑面包
792,本地蛋类
792,花卉种子
792,冷冻热狗肠
792,汉堡肉
792,人造黄油
792,面包卷
792,全脂牛奶
793,鸡
793,葡萄
793,蛋黄酱
793,酸奶油
793,全脂牛奶
794,冷冻甜点
794,半成品面包
795,瓶装水
795,糖果
795,罐装水果
795,柑橘类水果
795,女性卫生用品
795,葡萄
795,人造黄油
795,其他饮料
795,面包卷
795,购物袋
795,苏打
795,热带水果
795,酸奶
796,牛肉
796,莓果
796,瓶装水
796,黄油
796,猫食
796,报纸
796,猪肉
796,面包卷
796,根茎类蔬菜
796,香肠
796,全脂牛奶
797,发酵粉
797,一般清洁剂
797,冷冻蔬菜
797,洋葱
797,其他蔬菜
797,包装水果/蔬菜
797,意大利面
797,面包卷
797,根茎类蔬菜
797,苏打
797,汤类
797,酸奶油
797,全脂牛奶
798,面包卷
798,根茎类蔬菜
798,全脂牛奶
798,酸奶
799,瓶装啤酒
800,罐装啤酒
800,冷冻热狗肠
801,黄油
801,咖啡
801,根茎类蔬菜
801,全脂牛奶
802,莓果
802,瓶装水
802,卫生用品
802,报纸
802,其他蔬菜
802,苏打
802,超高温杀菌的牛奶
802,酸奶油
803,汉堡肉
804,水果/蔬菜汁
804,长面包
804,人造黄油
804,报纸
804,面包卷
804,半成品面包
804,热带水果
804,全脂牛奶
805,一般饮料
805,冷冻热狗肠
805,冷冻餐饭
805,猪肉
805,威化饼
806,冷冻热狗肠
806,冷冻鱼
806,人造黄油
806,香肠
806,特制门锁
807,报纸
807,苏打
808,冰淇淋
809,牛肉
809,黑面包
809,咖啡
809,冷冻蔬菜
809,糕点
809,全脂牛奶
810,瓶装水
810,报纸
810,糕点
810,相片/膜
810,全脂牛奶
811,黄油
811,凝乳
811,鱼
811,面粉
811,猪肉
811,糖
811,酸奶油
811,全脂牛奶
811,酸奶
812,口香糖
812,全脂牛奶
813,瓶装啤酒
814,黑面包
814,葡萄
814,人造黄油
814,猪肉
814,超高温杀菌的牛奶
815,盆栽
815,根茎类蔬菜
816,罐装啤酒
817,瓶装啤酒
817,瓶装水
817,黄油
817,柑橘类水果
817,芥末
817,油
817,根茎类蔬菜
817,酸奶油
817,全脂牛奶
818,咖啡
818,女性卫生用品
818,香草
818,卫生用品
818,其他蔬菜
818,仁果类水果
818,购物袋
818,全脂牛奶
819,奶油乳酪
819,甜点
819,白饭
819,根茎类蔬菜
819,酸奶
820,凝乳
820,报纸
820,有机蔬菜
820,面包卷
820,热带水果
821,牛肉
821,黄油
821,蜡烛
821,咖啡
821,本地蛋类
821,硬奶酪
821,其他蔬菜
821,意大利面
821,根茎类蔬菜
821,软奶酪
821,全脂牛奶
822,黄油
822,鸡
822,猪肉
822,白面包
822,全脂牛奶
823,蜡烛
823,柑橘类水果
823,葡萄
823,人造黄油
823,报纸
823,油
823,糕点
823,面包卷
823,全脂牛奶
824,牛肉
824,咖啡
824,冷冻餐饭
824,水果/蔬菜汁
824,人造黄油
824,一般肉类
824,其他蔬菜
824,仁果类水果
824,盆栽
824,软奶酪
824,热带水果
824,酸奶油
825,奶油乳酪
825,面包卷
825,水果奶油涂抹酱
826,瓶装啤酒
826,瓶装水
826,柑橘类水果
826,香草
826,盆栽
826,全脂牛奶
827,特制门锁
828,一般饮料
828,巧克力
828,人造黄油
828,一般肉类
828,餐巾
828,报纸
828,其他蔬菜
828,面包卷
828,全脂牛奶
829,柑橘类水果
829,仁果类水果
829,热带水果
830,牛肉
830,冷冻热狗肠
830,冷冻蔬菜
830,包装水果/蔬菜
830,根茎类蔬菜
830,热带水果
830,全脂牛奶
831,柑橘类水果
831,全脂牛奶
832,瓶装啤酒
832,凝乳
832,其他蔬菜
832,根茎类蔬菜
832,特色巧克力
832,火鸡
833,罐装啤酒
833,柑橘类水果
833,凝乳
833,狗粮
833,芥末
833,洋葱
833,意大利面
833,面包卷
833,全脂牛奶
833,酸奶
834,本地蛋类
834,香肠
835,报纸
836,全脂牛奶
836,酸奶
837,酸奶
838,酸奶
839,瓶装水
840,莓果
840,本地蛋类
840,酸奶油
840,全脂牛奶
841,包装水果/蔬菜
841,糕点
841,面包卷
841,全脂牛奶
842,冷冻热狗肠
842,苏打
843,果酱
843,坚果/李子
843,盆栽
843,半成品面包
843,购物袋
843,苏打
843,全脂牛奶
844,黄油
844,柑橘类水果
844,咖啡
844,碗碟
844,面粉
844,其他蔬菜
844,包装水果/蔬菜
844,苏打
844,起泡酒
844,糖
844,酸奶油
844,全脂牛奶
845,牛肉
845,柑橘类水果
845,凝乳
845,水果/蔬菜汁
845,硬奶酪
845,洋葱
845,面包卷
845,根茎类蔬菜
846,罐装啤酒
846,咖啡
846,冷冻蔬菜
846,餐巾
846,全脂牛奶
846,酸奶
847,其他蔬菜
847,酸奶油
848,牛肉
848,其他蔬菜
849,莓果
849,咖啡
849,甜点
849,鱼
849,其他蔬菜
849,粉红葡萄酒
849,水果奶油涂抹酱
849,白酒
849,全脂牛奶
849,酸奶
850,凝乳
850,本地蛋类
850,冷冻蔬菜
850,速溶咖啡
850,报纸
850,其他蔬菜
850,糖
850,全脂牛奶
851,莓果
851,黄油
851,硬奶酪
851,餐巾
851,根茎类蔬菜
851,切片奶酪
851,特色巧克力
851,热带水果
851,酸奶油
851,全脂牛奶
851,酸奶
852,咖啡
853,甜味剂
853,瓶装水
853,冷冻鱼
853,卫生用品
853,报纸
853,其他蔬菜
853,猪肉
853,即食汤
853,面包卷
853,香肠
853,半成品面包
854,一般饮料
854,奶油乳酪
854,碗碟
854,一般肉类
854,根茎类蔬菜
854,威化饼
854,酸奶油
855,腐蚀性清洁剂
855,黄油
855,鸡
855,长面包
855,人造黄油
855,其他蔬菜
855,包装水果/蔬菜
855,仁果类水果
855,面包卷
855,根茎类蔬菜
855,朗姆酒
855,糖
855,热带水果
856,莓果
856,水果/蔬菜汁
856,人造黄油
856,有机蔬菜
856,购物袋
856,酸奶油
856,全脂牛奶
857,冷冻餐饭
857,其他饮料
858,酸奶油
859,牛肉
859,瓶装啤酒
859,巧克力
859,根茎类蔬菜
859,购物袋
860,瓶装啤酒
860,瓶装水
860,鸡
860,本地蛋类
860,水果/蔬菜汁
860,其他蔬菜
860,猪肉
860,面包卷
860,苏打
860,超高温杀菌的牛奶
860,酸奶油
860,全脂牛奶
861,黑面包
861,鸡
861,冷冻土豆制品
861,水果/蔬菜汁
861,汉堡肉
861,即食食品
861,坚果/李子
861,其他蔬菜
861,仁果类水果
861,猪肉
861,根茎类蔬菜
861,购物袋
861,苏打
861,水果奶油涂抹酱
861,全脂牛奶
862,牛肉
862,瓶装啤酒
862,瓶装水
862,黑面包
862,硬奶酪
862,香草
862,其他蔬菜
862,面包卷
862,根茎类蔬菜
862,咸点心
862,购物袋
862,热带水果
862,全脂牛奶
862,酸奶
863,包装水果/蔬菜
863,腌菜
864,糖
865,牛肉
865,甜点
865,冷冻热狗肠
865,冰淇淋
865,包装水果/蔬菜
865,面包卷
865,根茎类蔬菜
865,香肠
865,切片奶酪
865,苏打
865,全脂牛奶
865,酸奶
866,莓果
866,冷冻蔬菜
866,速溶咖啡
866,宠物护理用品
867,瓶装水
867,口香糖
867,餐巾
867,苏打
868,腐蚀性清洁剂
868,莓果
868,一般饮料
868,鸡
868,柑橘类水果
868,凝乳
868,根茎类蔬菜
868,香肠
869,碗碟
869,本地蛋类
869,水果/蔬菜汁
869,报纸
869,苏打
869,超高温杀菌的牛奶
869,全脂牛奶
870,冰淇淋
870,面包卷
871,柑橘类水果
871,冷冻热狗肠
871,面包卷
871,热带水果
872,白兰地
872,黑面包
872,狗粮
872,根茎类蔬菜
872,购物袋
872,甜食
872,白面包
872,全脂牛奶
873,面包卷
873,香肠
873,特色巧克力
874,发酵粉
874,莓果
874,柑橘类水果
874,火腿
874,包装水果/蔬菜
874,糕点
874,香肠
874,切片奶酪
874,糖
874,热带水果
874,酸奶油
874,全脂牛奶
875,牛肉
875,奶油乳酪
875,根茎类蔬菜
875,全脂牛奶
876,水果/蔬菜汁
877,卫生用品
877,糖
878,莓果
878,酸奶油
879,一般饮料
879,咖啡
879,酸奶
880,牛肉
880,猪肉
881,瓶装啤酒
881,购物袋
882,酪
882,咖啡
882,凝乳
882,切片奶酪
882,酸奶
883,牛肉
883,罐装啤酒
883,即食食品
884,莓果
884,一般饮料
884,巧克力
884,面粉
884,报纸
884,油
884,猪肉
884,苏打
884,酸奶油
885,白面包
886,水果/蔬菜汁
886,葡萄
886,融化奶酪
886,面包卷
886,白面包
886,全脂牛奶
887,花卉种子
887,马铃薯产品
888,瓶装水
888,咖啡
888,碗碟
888,洋葱
888,面包卷
888,根茎类蔬菜
888,酸奶
889,浴室清洁剂
889,罐装啤酒
889,鸡
889,汉堡肉
889,报纸
889,苏打
889,超高温杀菌的牛奶
890,鸡
890,其他蔬菜
890,盐
891,咖啡
891,奶油乳酪
891,鱼
892,罐装啤酒
893,黑面包
893,冷冻餐饭
893,餐巾
893,其他蔬菜
893,面包卷
893,全脂牛奶
894,瓶装啤酒
894,黑面包
894,鸡
894,冷冻蔬菜
894,报纸
894,猪肉
894,粉红葡萄酒
894,醋
894,全脂牛奶
895,其他饮料
895,其他蔬菜
896,热带水果
896,全脂牛奶
897,风味蛋糕
897,报纸
897,全脂牛奶
898,牛肉
898,莓果
898,汉堡肉
898,卫生用品
898,糕点
899,葡萄
899,面包卷
899,咸点心
899,香肠
899,苏打
900,巧克力
900,面包卷
900,全脂牛奶
901,面包卷
901,苏打
902,柑橘类水果
902,其他蔬菜
902,仁果类水果
902,热带水果
903,甜味剂
903,瓶装水
903,本地蛋类
903,购物袋
903,切片奶酪
903,苏打
903,全脂牛奶
904,瓶装啤酒
904,糕点
904,苏打
905,咖啡
905,凝乳酪
905,冷冻蔬菜
905,水果/蔬菜汁
905,硬奶酪
905,卫生用品
905,冰淇淋
905,其他蔬菜
905,糕点
905,软奶酪
905,水果奶油涂抹酱
905,热带水果
905,全脂牛奶
905,酸奶
906,报纸
906,糕点
906,切片奶酪
907,苏打
908,柑橘类水果
908,咖啡
908,甜点
908,冷冻餐饭
908,火腿
908,爆米花
908,购物袋
908,全脂牛奶
909,咸点心
910,瓶装水
910,咖啡
910,奶油乳酪
910,凝乳
910,面粉
910,其他饮料
910,报纸
910,全脂牛奶
911,根茎类蔬菜
911,酸奶油
912,罐装啤酒
912,购物袋
912,苏打
913,瓶装水
913,罐装啤酒
913,凝乳
913,厨房清洁剂
913,人造黄油
913,卷装制品
913,白酒
914,瓶装啤酒
914,瓶装水
914,水果/蔬菜汁
914,餐巾
914,苏打
915,包装水果/蔬菜
915,盆栽
916,瓶装水
916,保鲜膜/袋
916,冷冻蔬菜
916,冰淇淋
916,根茎类蔬菜
916,热带水果
917,牛肉
917,瓶装水
917,巧克力
917,本地蛋类
917,水果/蔬菜汁
917,葡萄
917,火腿
917,报纸
917,糕点
917,咸点心
917,购物袋
917,酸奶油
917,白面包
917,白酒
917,酸奶
918,瓶装啤酒
918,黑面包
918,罐装啤酒
918,柑橘类水果
918,长面包
918,猪肉
918,苏打
918,超高温杀菌的牛奶
919,一般饮料
919,风味蛋糕
919,甜味烈酒调和剂
919,其他饮料
919,面包卷
919,苏打
920,面包卷
920,香肠
920,苏打
921,瓶装水
921,柑橘类水果
921,餐巾
921,面包卷
921,香肠
921,苏打
921,全脂牛奶
921,酸奶
922,黄油
922,奶油乳酪
922,冷冻鱼
922,根茎类蔬菜
922,购物袋
922,全脂牛奶
922,酸奶
923,奶油乳酪
923,全脂牛奶
924,冷冻热狗肠
924,其他蔬菜
924,糕点
924,即食汤
924,面包卷
924,根茎类蔬菜
924,火鸡
924,酸奶
925,购物袋
925,苏打
926,瓶装啤酒
926,苏打
927,冷冻热狗肠
927,爆米花
928,莓果
928,一般清洁剂
928,报纸
928,腌菜
928,酸奶油
928,全脂牛奶
929,罐装啤酒
930,罐头蔬菜
930,冷冻热狗肠
930,猪肉
930,苏打
930,白面包
931,黄油
931,巧克力
931,巧克力棉花糖
931,凝乳
931,牙齿保健用品
931,厨房清洁剂
931,面粉
931,冷冻热狗肠
931,汉堡肉
931,芥末
931,油
931,白饭
931,咸点心
931,糖
931,全脂牛奶
932,莓果
932,一般饮料
932,咖啡
932,根茎类蔬菜
932,购物袋
932,汤类
932,糖
932,全脂牛奶
933,冷冻热狗肠
933,面包卷
934,报纸
935,冷冻鱼
935,报纸
936,报纸
936,热带水果
937,牛肉
937,莓果
937,葡萄
937,报纸
937,盆栽
937,面包卷
937,全脂牛奶
937,酸奶
938,咖啡
938,速溶咖啡
938,面包卷
938,咸点心
938,特色巧克力
939,盆栽
939,特色巧克力
940,厨房清洁剂
940,起泡酒
941,柑橘类水果
941,餐巾
941,购物袋
942,瓶装啤酒
942,香草
942,洋葱
943,蜡烛
943,一般清洁剂
943,糕点
943,全脂牛奶
944,相片/膜
945,汉堡肉
946,口香糖
946,其他蔬菜
946,白面包
946,全脂牛奶
947,面包卷
947,购物袋
947,全脂牛奶
948,葡萄
948,硬奶酪
948,餐巾
948,猪肉
948,购物袋
948,苏打
948,热带水果
949,发酵粉
949,莓果
949,瓶装水
949,黄油
949,罐装啤酒
949,甜点
949,水果/蔬菜汁
949,葡萄
949,冰淇淋
949,其他饮料
949,其他蔬菜
949,糕点
949,盆栽
949,盐
949,特色巧克力
949,热带水果
949,酸奶油
949,全脂牛奶
949,酸奶
950,口香糖
950,鸡
950,柑橘类水果
950,其他蔬菜
950,猪肉
950,盆栽
950,酸奶油
950,白面包
951,口香糖
951,其他蔬菜
952,瓶装水
952,粉红葡萄酒
952,香肠
953,发酵粉
953,酸奶油
953,全脂牛奶
954,咖啡
954,面包卷
955,卫生用品
956,冰淇淋
956,报纸
957,凝乳
957,本地蛋类
957,面粉
957,其他饮料
957,报纸
957,酸奶油
958,冷冻餐饭
958,报纸
958,全脂牛奶
959,瓶装水
959,咖啡
959,甜点
959,本地蛋类
959,洋葱
959,面包卷
959,白面包
959,全脂牛奶
960,成品
960,水果/蔬菜汁
960,有机香肠
960,切片奶酪
960,白面包
961,狗粮
961,长面包
961,盐
962,黑面包
962,罐头蔬菜
962,本地蛋类
962,水果/蔬菜汁
962,其他蔬菜
962,根茎类蔬菜
962,朗姆酒
962,苏打
962,热带水果
962,白面包
963,其他蔬菜
963,全脂牛奶
963,酸奶
964,巧克力
965,冰淇淋
966,猫食
966,油
966,热带水果
967,柑橘类水果
967,冷冻热狗肠
967,水果/蔬菜汁
967,糕点
967,切片奶酪
967,特色奶酪
967,全脂牛奶
967,酸奶
968,黄油
968,罐头鱼
968,花卉种子
968,意大利面
968,柔软剂
969,酪
969,冷冻鱼
969,其他蔬菜
969,咸点心
970,罐装啤酒
970,巧克力
970,糕点
970,热带水果
971,黑面包
971,柑橘类水果
971,包装水果/蔬菜
971,面包卷
971,根茎类蔬菜
971,切片奶酪
971,白面包
971,酸奶
971,面包干
972,盐
972,购物袋
972,苏打
972,特色巧克力
972,超高温杀菌的牛奶
973,牛肉
974,罐头蔬菜
974,凝乳
974,水果奶油涂抹酱
974,糖
974,酸奶
975,瓶装啤酒
975,柑橘类水果
975,甜点
975,冷冻蔬菜
975,水果/蔬菜汁
975,其他蔬菜
975,咸点心
975,全脂牛奶
975,酸奶
976,瓶装啤酒
976,黑面包
976,白酒
976,酸奶
977,瓶装啤酒
977,烈酒
977,粉红葡萄酒
978,葡萄
979,其他蔬菜
979,猪肉
979,苏打
980,莓果
980,糖果
980,罐头鱼
980,巧克力
980,柑橘类水果
980,奶油乳酪
980,本地蛋类
980,冷冻蔬菜
980,人造黄油
980,餐巾
980,其他蔬菜
980,糕点
980,香肠
980,汤类
980,酸奶油
980,全脂牛奶
980,酸奶
981,黑面包
981,鸡
981,巧克力
981,可可饮料
981,咖啡
981,面粉
981,冷冻热狗肠
981,水果/蔬菜汁
981,长面包
981,蛋黄酱
981,芥末
981,其他蔬菜
981,糕点
981,猪肉
981,根茎类蔬菜
981,咸点心
981,季节性商品
981,热带水果
981,超高温杀菌的牛奶
981,酸奶
982,甜味剂
982,相片/膜
982,苏打
983,瓶装啤酒
983,黄油
983,咖啡
983,冷冻热狗肠
983,洋葱
983,融化奶酪
983,面包卷
984,甜点
984,本地蛋类
984,仁果类水果
984,根茎类蔬菜
984,购物袋
984,酸奶
985,咖啡
985,一般清洁剂
985,冷冻热狗肠
985,全脂牛奶
986,报纸
986,全脂牛奶
987,本地蛋类
987,花土/肥料
987,卫生用品
987,相片/膜
988,巧克力
988,甜点
988,花卉种子
988,蛋黄酱
988,油
988,包装水果/蔬菜
988,购物袋
988,苏打
988,威化饼
989,瓶装水
989,鸡
989,冷冻蔬菜
989,长面包
989,其他蔬菜
989,酸奶油
990,发酵粉
990,糖果
990,可可饮料
990,咖啡
990,奶油乳酪
990,凝乳
990,本地蛋类
990,餐巾
990,猪肉
990,咸点心
990,糖
990,威化饼
990,酸奶油
990,白面包
990,全脂牛奶
990,酸奶
991,柑橘类水果
991,清洁工具
991,咖啡
991,奶油乳酪
991,凝乳
991,一般清洁剂
991,长面包
991,餐巾
991,报纸
991,油
991,其他蔬菜
991,糕点
991,醋
991,酸奶油
991,全脂牛奶
991,酸奶
992,电灯泡
993,奶油乳酪
993,人造黄油
993,茶
994,风味蛋糕
994,清洁工具
994,凝乳
994,一般清洁剂
994,本地蛋类
994,冷冻餐饭
994,保管产品
994,盆栽
994,香肠
994,季节性商品
994,购物袋
995,柑橘类水果
995,洋葱
996,其他蔬菜
996,卷装制品
996,酸奶油
997,瓶装水
997,黄油
997,鸡
997,保鲜膜/袋
997,狗粮
997,本地蛋类
997,冷冻鱼
997,冷冻蔬菜
997,水果/蔬菜汁
997,硬奶酪
997,长面包
997,餐巾
997,其他蔬菜
997,仁果类水果
997,白饭
997,根茎类蔬菜
997,柔软剂
997,特色油脂
997,热带水果
997,酸奶油
997,白面包
997,全脂牛奶
997,酸奶
998,冰淇淋
999,牛肉
999,冰淇淋
999,报纸
999,猪肉
999,面包卷
1000,甜味剂
1000,巧克力棉花糖
1000,面粉
1000,人造黄油
1000,有机蔬菜
1000,其他蔬菜
1000,猪肉
1000,半成品面包
1000,热带水果
1000,酸奶
1001,本地蛋类
1001,卫生用品
1001,洋葱
1001,苏打
1002,发酵粉
1002,葡萄
1002,香草
1002,仁果类水果
1002,盆栽
1002,根茎类蔬菜
1002,季节性商品
1002,购物袋
1002,热带水果
1002,酸奶
1003,瓶装水
1003,罐装啤酒
1003,奶油乳酪
1003,购物袋
1003,酸奶油
1004,莓果
1004,黄油
1004,本地蛋类
1004,水果/蔬菜汁
1004,硬奶酪
1004,卫生用品
1004,其他蔬菜
1004,面包卷
1004,根茎类蔬菜
1004,起泡酒
1005,莓果
1005,咖啡
1005,甜点
1005,购物袋
1005,酸奶油
1005,白面包
1006,长面包
1006,面包卷
1007,冰淇淋
1007,长面包
1008,咖啡
1008,碗碟
1008,水果/蔬菜汁
1009,黄油
1009,其他饮料
1009,意大利面
1009,全脂牛奶
1010,全脂牛奶
1011,莓果
1011,酪
1011,柑橘类水果
1011,酸奶
1012,牛肉
1012,奶油
1012,牙齿保健用品
1012,本地蛋类
1012,葡萄
1012,硬奶酪
1012,芥末
1012,坚果/李子
1012,洋葱
1012,其他蔬菜
1012,糕点
1012,面包卷
1012,根茎类蔬菜
1012,购物袋
1012,切片奶酪
1012,软奶酪
1012,特制门锁
1012,特色巧克力
1013,柑橘类水果
1013,葡萄
1013,猪肉
1013,盆栽
1013,即食汤
1013,根茎类蔬菜
1013,全脂牛奶
1014,酪
1014,凝乳
1014,凝乳酪
1014,人造黄油
1014,其他蔬菜
1014,仁果类水果
1014,白饭
1014,根茎类蔬菜
1014,热带水果
1014,火鸡
1014,醋
1014,酸奶
1015,人造黄油
1015,报纸
1016,酪
1016,酸奶
1017,牛肉
1017,黄油
1017,酪
1017,凝乳
1017,本地蛋类
1017,洋葱
1017,其他蔬菜
1017,糕点
1017,购物袋
1017,热带水果
1017,白面包
1017,全脂牛奶
1017,酸奶
1018,瓶装水
1019,瓶装水
1019,本地蛋类
1019,长面包
1019,仁果类水果
1019,全脂牛奶
1020,白饭
1020,全脂牛奶
1021,巧克力
1022,酪
1022,鸡
1022,冷冻热狗肠
1022,长面包
1022,人造黄油
1023,白面包
1023,全脂牛奶
1024,厨房清洁剂
1024,本地蛋类
1024,根茎类蔬菜
1024,香肠
1025,葡萄
1025,苏打
1025,威化饼
1025,面包干
1026,黑面包
1027,奶油乳酪
1027,人造黄油
1027,油
1027,其他蔬菜
1027,意大利面
1027,盆栽
1027,根茎类蔬菜
1027,咸点心
1028,瓶装水
1028,超高温杀菌的牛奶
1029,洋葱
1030,牛肉
1030,瓶装水
1030,其他饮料
1030,购物袋
1030,特色巧克力
1031,瓶装啤酒
1031,猪肉
1031,面包卷
1031,全脂牛奶
1032,糖果
1032,罐装啤酒
1032,购物袋
1032,特色巧克力
1033,人造黄油
1033,酸奶
1034,发酵粉
1034,猫食
1034,巧克力
1034,面粉
1034,水果/蔬菜汁
1034,卫生用品
1034,人造黄油
1034,餐巾
1034,报纸
1034,苏打
1034,糖
1034,酸奶油
1034,酸奶
1035,凝乳
1035,甜点
1035,报纸
1035,仁果类水果
1035,购物袋
1035,特制门锁
1035,特色巧克力
1035,酸奶
1036,鸡
1036,一般肉类
1036,油
1036,根茎类蔬菜
1036,全脂牛奶
1037,瓶装啤酒
1037,咖啡
1037,其他饮料
1038,瓶装水
1039,瓶装啤酒
1039,烈酒
1040,水果/蔬菜汁
1040,意大利面
1040,宠物护理用品
1040,香肠
1040,酸奶油
1040,全脂牛奶
1041,购物袋
1042,碗碟
1042,本地蛋类
1042,香草
1042,其他蔬菜
1042,猪肉
1042,特制门锁
1042,酸奶
1043,口香糖
1043,冷冻热狗肠
1043,其他蔬菜
1043,特色奶酪
1044,冰淇淋
1045,罐装啤酒
1045,人造黄油
1045,其他蔬菜
1045,根茎类蔬菜
1045,水果奶油涂抹酱
1046,本地蛋类
1046,冷冻餐饭
1046,葡萄
1046,报纸
1046,其他蔬菜
1046,融化奶酪
1046,咸点心
1046,香肠
1046,热带水果
1046,白面包
1047,柑橘类水果
1047,冷冻蔬菜
1047,水果/蔬菜汁
1047,卫生用品
1047,速溶咖啡
1047,其他蔬菜
1047,糕点
1047,仁果类水果
1047,根茎类蔬菜
1047,香肠
1047,苏打
1047,水果奶油涂抹酱
1047,酸奶油
1047,全脂牛奶
1047,酸奶
1048,根茎类蔬菜
1049,罐头蔬菜
1050,瓶装啤酒
1050,黑面包
1050,其他饮料
1050,热带水果
1050,白面包
1050,全脂牛奶
1051,糖果
1051,牙齿保健用品
1051,水果/蔬菜汁
1051,葡萄
1051,报纸
1051,面包卷
1051,购物袋
1051,软奶酪
1051,超高温杀菌的牛奶
1051,酸奶
1052,糕点
1052,全脂牛奶
1053,黑面包
1053,罐装啤酒
1053,本地蛋类
1053,冷冻热狗肠
1053,水果/蔬菜汁
1053,人造黄油
1053,购物袋
1053,全脂牛奶
1053,酸奶
1054,瓶装水
1054,甜点
1054,苏打
1055,购物袋
1056,黄油
1056,面包卷
1056,盐
1057,黄油
1057,鸡
1057,巧克力
1057,冷冻热狗肠
1057,冷冻蔬菜
1057,水果/蔬菜汁
1057,火腿
1057,糕点
1057,盆栽
1057,融化奶酪
1057,粉红葡萄酒
1057,苏打
1057,白面包
1057,全脂牛奶
1058,风味蛋糕
1058,冰淇淋
1058,猪肉
1058,苏打
1059,瓶装啤酒
1059,卷装制品
1059,面包卷
1059,全脂牛奶
1059,面包干
1060,黑面包
1061,罐装啤酒
1061,冷冻鱼
1061,粉红葡萄酒
1062,其他饮料
1062,苏打
1063,冷冻蔬菜
1063,全脂牛奶
1064,奶油乳酪
1064,冷冻甜点
1064,水果/蔬菜汁
1064,葡萄
1064,汉堡肉
1064,肉泥
1064,其他蔬菜
1064,仁果类水果
1064,猪肉
1064,根茎类蔬菜
1064,苏打
1064,糖
1064,全脂牛奶
1064,酸奶
1065,酸奶油
1066,凝乳
1066,厨房清洁剂
1066,冷冻热狗肠
1066,速溶咖啡
1066,糕点
1066,仁果类水果
1066,根茎类蔬菜
1066,超高温杀菌的牛奶
1066,威化饼
1066,白面包
1066,酸奶
1067,黄油
1067,葡萄
1067,报纸
1067,其他蔬菜
1067,马桶清洁剂
1067,全脂牛奶
1068,一般饮料
1068,黄油
1068,巧克力
1068,凝乳
1068,葡萄
1068,糕点
1068,融化奶酪
1068,面包卷
1068,香肠
1068,切片奶酪
1068,超高温杀菌的牛奶
1068,酸奶油
1068,酸奶
1069,柑橘类水果
1069,烈酒
1069,购物袋
1069,特制门锁
1069,白面包
1070,黄油
1070,本地蛋类
1070,水果/蔬菜汁
1070,火腿
1070,硬奶酪
1070,冰淇淋
1070,其他饮料
1070,酸奶
1071,口香糖
1072,牛肉
1073,牛肉
1073,猫食
1073,葡萄
1073,其他饮料
1073,意大利面
1073,糕点
1073,仁果类水果
1073,融化奶酪
1073,面包卷
1073,根茎类蔬菜
1073,苏打
1073,特色蔬菜
1073,热带水果
1073,白面包
1074,瓶装啤酒
1074,谷物
1074,长面包
1074,其他蔬菜
1074,特色奶酪
1074,全脂牛奶
1074,酸奶
1075,巧克力棉花糖
1075,本地蛋类
1075,冷冻热狗肠
1075,火腿
1075,长面包
1075,其他蔬菜
1075,糕点
1075,面包卷
1075,香肠
1075,特制门锁
1076,罐头鱼
1077,发酵粉
1077,其他蔬菜
1077,腌菜
1077,朗姆酒
1077,香肠
1077,切片奶酪
1077,白面包
1077,全脂牛奶
1078,瓶装水
1078,糖果
1078,口香糖
1078,水果/蔬菜汁
1078,长面包
1078,苏打
1079,特色奶酪
1080,瓶装水
1080,苏打
1081,瓶装水
1081,口香糖
1081,苏打
1082,牛肉
1082,瓶装水
1082,黑面包
1082,鸡
1082,凝乳
1082,电灯泡
1082,餐巾
1082,糕点
1082,腌菜
1082,咸点心
1082,酱油
1082,苏打
1082,特制门锁
1082,威化饼
1082,全脂牛奶
